SET SERVEROUTPUT ON;
DECLARE
nCount NUMBER;
BEGIN
SELECT count(*) into nCount FROM user_tables where table_name = 'LOCATION';
IF(nCount > 0)
THEN
    DBMS_OUTPUT.PUT_LINE('LOCATION TABLE ALREADY EXISTS');
ELSE
    EXECUTE IMMEDIATE 'CREATE TABLE LOCATION(
    LOC_ID NUMBER(10) PRIMARY KEY,
    CITY VARCHAR(50),
    STATE VARCHAR (50),
    COUNTRY VARCHAR(50))';


EXECUTE IMMEDIATE 'INSERT INTO LOCATION VALUES (1, ''Boston'', ''Massachusetts'', ''United States'')';
EXECUTE IMMEDIATE 'INSERT INTO LOCATION VALUES (2, ''Cambridge'', ''Massachusetts'', ''United States'')';
EXECUTE IMMEDIATE 'INSERT INTO LOCATION VALUES (3, ''Houston'', ''Texas'', ''United States'')';
EXECUTE IMMEDIATE 'INSERT INTO LOCATION VALUES (4, ''Dallas'', ''Texas'', ''United States'')';
EXECUTE IMMEDIATE 'INSERT INTO LOCATION VALUES (5, ''Austin'', ''Texas'', ''United States'')';
EXECUTE IMMEDIATE 'INSERT INTO LOCATION VALUES (6, ''San Jose'', ''California'', ''United States'')';
EXECUTE IMMEDIATE 'INSERT INTO LOCATION VALUES (7, ''San Francisco'', ''California'', ''United States'')';
EXECUTE IMMEDIATE 'INSERT INTO LOCATION VALUES (8, ''New York City'', ''New York'', ''United States'')';
EXECUTE IMMEDIATE 'INSERT INTO LOCATION VALUES (9, ''Buffalo'', ''New York'', ''United States'')';
EXECUTE IMMEDIATE 'INSERT INTO LOCATION VALUES (10, ''Newark'', ''New Jersey'', ''United States'')';

END IF;

SELECT count(*) into nCount FROM user_tables where table_name = 'UNIVERSITY';
IF(nCount > 0)
THEN
    DBMS_OUTPUT.PUT_LINE('UNIVERSITY TABLE ALREADY EXISTS');
ELSE
    EXECUTE IMMEDIATE 'CREATE TABLE UNIVERSITY(
    UNI_ID NUMBER GENERATED BY DEFAULT AS IDENTITY(START with 101 INCREMENT by 1),
    UNI_NAME VARCHAR(100),
    LOC_ID NUMBER(10) REFERENCES LOCATION(LOC_ID),
    PRIMARY KEY(UNI_ID))';

EXECUTE IMMEDIATE 'INSERT INTO UNIVERSITY (UNI_NAME, LOC_ID) VALUES (''Northeastern University'', 1)';
EXECUTE IMMEDIATE 'INSERT INTO UNIVERSITY (UNI_NAME, LOC_ID) VALUES (''University of Texas at Dallas'', 4)';
EXECUTE IMMEDIATE 'INSERT INTO UNIVERSITY (UNI_NAME, LOC_ID) VALUES (''San Jose State University'', 6)';
EXECUTE IMMEDIATE 'INSERT INTO UNIVERSITY (UNI_NAME, LOC_ID) VALUES (''SUNY Buffalo'', 9)';
EXECUTE IMMEDIATE 'INSERT INTO UNIVERSITY (UNI_NAME, LOC_ID) VALUES (''New York University'', 8)';
EXECUTE IMMEDIATE 'INSERT INTO UNIVERSITY (UNI_NAME, LOC_ID) VALUES (''University of Cambridge'', 2)';
EXECUTE IMMEDIATE 'INSERT INTO UNIVERSITY (UNI_NAME, LOC_ID) VALUES (''Harvard University'', 2)';

END IF;

SELECT count(*) into nCount FROM user_tables where table_name = 'DEPARTMENT';
IF(nCount > 0)
THEN
    DBMS_OUTPUT.PUT_LINE('DEPARTMENT TABLE ALREADY EXISTS');
ELSE
    EXECUTE IMMEDIATE  'CREATE TABLE DEPARTMENT(
    DEPT_ID NUMBER GENERATED BY DEFAULT AS IDENTITY(START with 10 INCREMENT by 5),
    DEPT_NAME VARCHAR(50) NOT NULL,
    PRIMARY KEY (DEPT_ID) )';

    EXECUTE IMMEDIATE 'INSERT INTO DEPARTMENT (DEPT_NAME) VALUES (''Engineering'')';
	EXECUTE IMMEDIATE 'INSERT INTO DEPARTMENT (DEPT_NAME) VALUES (''Science'')';
	EXECUTE IMMEDIATE 'INSERT INTO DEPARTMENT (DEPT_NAME) VALUES (''Business Administration'')';
	EXECUTE IMMEDIATE 'INSERT INTO DEPARTMENT (DEPT_NAME) VALUES (''Architecture'')';
	EXECUTE IMMEDIATE 'INSERT INTO DEPARTMENT (DEPT_NAME) VALUES (''Art History'')';
	EXECUTE IMMEDIATE 'INSERT INTO DEPARTMENT (DEPT_NAME) VALUES (''Medicine'')';


END IF;

SELECT count(*) into nCount FROM user_tables where table_name = 'COURSE_MAJOR';
IF(nCount > 0)
THEN
    DBMS_OUTPUT.PUT_LINE('COURSE_MAJOR TABLE ALREADY EXISTS');
ELSE
    EXECUTE IMMEDIATE 'CREATE TABLE COURSE_MAJOR(
    MAJ_ID NUMBER GENERATED BY DEFAULT AS IDENTITY(START with 3001 INCREMENT by 1),
    MAJ_NAME VARCHAR (50) NOT NULL,
    DEPT_ID NUMBER(10) REFERENCES DEPARTMENT(DEPT_ID),
    PRIMARY KEY (MAJ_ID))';

    EXECUTE IMMEDIATE 'INSERT INTO COURSE_MAJOR (MAJ_NAME, DEPT_ID) VALUES (''Computer Software '', 10)';
	EXECUTE IMMEDIATE 'INSERT INTO COURSE_MAJOR (MAJ_NAME, DEPT_ID) VALUES (''Biotechnology'', 15)';
	EXECUTE IMMEDIATE 'INSERT INTO COURSE_MAJOR (MAJ_NAME, DEPT_ID) VALUES (''Civil Engineering'', 10)';
	EXECUTE IMMEDIATE 'INSERT INTO COURSE_MAJOR (MAJ_NAME, DEPT_ID) VALUES (''Applied Physics'', 15)';
	EXECUTE IMMEDIATE 'INSERT INTO COURSE_MAJOR (MAJ_NAME, DEPT_ID) VALUES (''Environment Science'', 15)';
	EXECUTE IMMEDIATE 'INSERT INTO COURSE_MAJOR (MAJ_NAME, DEPT_ID) VALUES (''Pharmacology'', 35)';
	EXECUTE IMMEDIATE 'INSERT INTO COURSE_MAJOR (MAJ_NAME, DEPT_ID) VALUES (''Project Management'', 20)';

END IF;

SELECT count(*) into nCount FROM user_tables where table_name = 'EVENT_STATUS';
IF(nCount > 0)
THEN
    DBMS_OUTPUT.PUT_LINE('EVENT_STATUS TABLE ALREADY EXISTS');
ELSE
    EXECUTE IMMEDIATE 'CREATE TABLE EVENT_STATUS(
    EVT_ID NUMBER(10) PRIMARY KEY,
    EVT_STATUS VARCHAR(50) NOT NULL )';

    EXECUTE IMMEDIATE 'INSERT INTO EVENT_STATUS VALUES (1, ''Registration Open'')';
	EXECUTE IMMEDIATE 'INSERT INTO EVENT_STATUS VALUES (2, ''Registration Closed'')';
	EXECUTE IMMEDIATE 'INSERT INTO EVENT_STATUS VALUES (3, ''Archived'')';


 END IF;

SELECT count(*) into nCount FROM user_tables where table_name = 'EVENT_CATEGORY';
IF(nCount > 0)
THEN
    DBMS_OUTPUT.PUT_LINE('EVENT_CATEGORY TABLE ALREADY EXISTS');
ELSE
    EXECUTE IMMEDIATE 'CREATE TABLE EVENT_CATEGORY(
    CAT_ID NUMBER(10) PRIMARY KEY,
    CAT_NAME VARCHAR(50) NOT NULL)';

    EXECUTE IMMEDIATE 'INSERT INTO EVENT_CATEGORY VALUES (1, ''Speaker Series'')';
	EXECUTE IMMEDIATE 'INSERT INTO EVENT_CATEGORY VALUES (2, ''Cultural'')';
	EXECUTE IMMEDIATE 'INSERT INTO EVENT_CATEGORY VALUES (3, ''Technical'')';
	EXECUTE IMMEDIATE 'INSERT INTO EVENT_CATEGORY VALUES (4, ''Job Fair'')';
	EXECUTE IMMEDIATE 'INSERT INTO EVENT_CATEGORY VALUES (5, ''Book Reading'')';
	EXECUTE IMMEDIATE 'INSERT INTO EVENT_CATEGORY VALUES (6, ''Hackathon'')';
	EXECUTE IMMEDIATE 'INSERT INTO EVENT_CATEGORY VALUES (7, ''Robotics'')';
	EXECUTE IMMEDIATE 'INSERT INTO EVENT_CATEGORY VALUES (8, ''Other'')';


END IF;
SELECT COUNT(*) INTO ncount FROM user_tables WHERE table_name = 'MEMBER_TYPE';

IF ( ncount > 0 ) 
THEN 
    dbms_output.put_line('MEMBER_TYPE TABLE ALREADY EXISTS');
ELSE
    EXECUTE IMMEDIATE 'CREATE TABLE MEMBER_TYPE(
    MEM_TYPE_ID NUMBER(10) PRIMARY KEY,
    MEM_TYPE VARCHAR(50) NOT NULL)';
    
    EXECUTE IMMEDIATE 'INSERT INTO MEMBER_TYPE (MEM_TYPE_ID, MEM_TYPE) VALUES (1, ''Student'')';
    EXECUTE IMMEDIATE 'INSERT INTO MEMBER_TYPE (MEM_TYPE_ID, MEM_TYPE) VALUES (2, ''Professor'')';
    EXECUTE IMMEDIATE 'INSERT INTO MEMBER_TYPE (MEM_TYPE_ID, MEM_TYPE) VALUES (3, ''Alumni'')';
    
END IF;
SELECT COUNT(*) INTO ncount FROM user_tables WHERE table_name = 'DEGREE_LEVEL';

IF ( ncount > 0 ) THEN
        dbms_output.put_line('DEGREE_LEVEL TABLE ALREADY EXISTS');
ELSE
    EXECUTE IMMEDIATE 'CREATE TABLE DEGREE_LEVEL(
    DEG_ID NUMBER(10) PRIMARY KEY,
    DEG_NAME VARCHAR(50) NOT NULL)';
    
    EXECUTE IMMEDIATE 'INSERT INTO DEGREE_LEVEL (DEG_ID, DEG_NAME) VALUES (1, ''Undergraduate'')';
    EXECUTE IMMEDIATE 'INSERT INTO DEGREE_LEVEL (DEG_ID, DEG_NAME) VALUES (2, ''Graduate '')';
    EXECUTE IMMEDIATE 'INSERT INTO DEGREE_LEVEL (DEG_ID, DEG_NAME) VALUES (3, ''PhD'')';

END IF;

SELECT COUNT(*) INTO ncount FROM user_tables WHERE table_name = 'EVENT_SITE';
IF ( ncount > 0 )
THEN
        dbms_output.put_line('EVENT_SITE TABLE ALREADY EXISTS');
ELSE
    EXECUTE IMMEDIATE 'CREATE TABLE EVENT_SITE(
    SITE_ID NUMBER GENERATED BY DEFAULT AS IDENTITY(START with 11 INCREMENT by 1),
    SITE_NAME VARCHAR(50) NOT NULL,
    UNI_ID NUMBER(10) REFERENCES UNIVERSITY(UNI_ID),
    CAPACITY NUMBER(10) NOT NULL,
    PRIMARY KEY(SITE_ID))';
        
    EXECUTE IMMEDIATE 'INSERT INTO EVENT_SITE (SITE_NAME, UNI_ID, CAPACITY ) VALUES (''Ell hall'', 101,10)';
    EXECUTE IMMEDIATE 'INSERT INTO EVENT_SITE (SITE_NAME, UNI_ID, CAPACITY ) VALUES (''Dodge Hall'', 105,40)';
    EXECUTE IMMEDIATE 'INSERT INTO EVENT_SITE (SITE_NAME, UNI_ID, CAPACITY ) VALUES (''Shilman'', 106,50)';
    EXECUTE IMMEDIATE 'INSERT INTO EVENT_SITE (SITE_NAME, UNI_ID, CAPACITY ) VALUES (''Snell'', 104,100)';
    EXECUTE IMMEDIATE 'INSERT INTO EVENT_SITE (SITE_NAME, UNI_ID, CAPACITY ) VALUES (''East Village'', 107,40)';
    EXECUTE IMMEDIATE 'INSERT INTO EVENT_SITE (SITE_NAME, UNI_ID, CAPACITY ) VALUES (''Kerr Hall'', 102,50)';
    
END IF;
SELECT COUNT(*) INTO ncount FROM user_tables WHERE table_name = 'MEMBERS';
IF ( ncount > 0 ) THEN
        dbms_output.put_line('MEMBERS TABLE ALREADY EXISTS');
ELSE
    EXECUTE IMMEDIATE 'CREATE TABLE MEMBERS(
    MEMBER_ID NUMBER GENERATED BY DEFAULT AS IDENTITY(START with 5001 INCREMENT by 1),
    PRIMARY KEY(MEMBER_ID),
    FIRST_NAME VARCHAR(100) NOT NULL,
    LAST_NAME VARCHAR(100) NOT NULL,
    PASSWORD VARCHAR(20) NOT NULL,
    LOC_ID NUMBER(10) REFERENCES LOCATION(LOC_ID),
    MEM_TYPE_ID NUMBER(10) REFERENCES MEMBER_TYPE(MEM_TYPE_ID))';
    
    EXECUTE IMMEDIATE 'INSERT INTO MEMBERS (FIRST_NAME, LAST_NAME, PASSWORD, MEM_TYPE_ID , LOC_ID) VALUES (''Miley'', ''Harrison'', ''Miley123'',1,2)';
    EXECUTE IMMEDIATE 'INSERT INTO MEMBERS (FIRST_NAME, LAST_NAME, PASSWORD, MEM_TYPE_ID , LOC_ID) VALUES (''Savana'', ''Cameron'', ''Savana123'',3,10)';
    EXECUTE IMMEDIATE 'INSERT INTO MEMBERS (FIRST_NAME, LAST_NAME, PASSWORD, MEM_TYPE_ID , LOC_ID) VALUES (''Walter'', ''Edwards'', ''Walter123'',2,5)';
    EXECUTE IMMEDIATE 'INSERT INTO MEMBERS (FIRST_NAME, LAST_NAME, PASSWORD, MEM_TYPE_ID , LOC_ID) VALUES (''Daryl'', ''Gibson'', ''Daryl123'',1,2)';
    EXECUTE IMMEDIATE 'INSERT INTO MEMBERS (FIRST_NAME, LAST_NAME, PASSWORD, MEM_TYPE_ID , LOC_ID) VALUES (''Isabella'', ''Thompson'', ''Isabella123'',2,5)';
    EXECUTE IMMEDIATE 'INSERT INTO MEMBERS (FIRST_NAME, LAST_NAME, PASSWORD, MEM_TYPE_ID , LOC_ID) VALUES (''Jenna'', ''Dixon'', ''Jenna123'',3,3)';
    EXECUTE IMMEDIATE 'INSERT INTO MEMBERS (FIRST_NAME, LAST_NAME, PASSWORD, MEM_TYPE_ID , LOC_ID) VALUES (''Lucia'', ''Gray'', ''Lucia123'',1,2)';
    EXECUTE IMMEDIATE 'INSERT INTO MEMBERS (FIRST_NAME, LAST_NAME, PASSWORD, MEM_TYPE_ID , LOC_ID) VALUES (''Alfred'', ''Murphy'', ''Alfred123'',1,1)';
    EXECUTE IMMEDIATE 'INSERT INTO MEMBERS (FIRST_NAME, LAST_NAME, PASSWORD, MEM_TYPE_ID , LOC_ID) VALUES (''Blake'', ''Owens'', ''Blake123'',1,5)';
    EXECUTE IMMEDIATE 'INSERT INTO MEMBERS (FIRST_NAME, LAST_NAME, PASSWORD, MEM_TYPE_ID , LOC_ID) VALUES (''Dainton'', ''Russell'', ''Dainton123'',2,7)';
    EXECUTE IMMEDIATE 'INSERT INTO MEMBERS (FIRST_NAME, LAST_NAME, PASSWORD, MEM_TYPE_ID , LOC_ID) VALUES (''Stella'', ''Thompson'', ''Stella123'',2,7)';
    EXECUTE IMMEDIATE 'INSERT INTO MEMBERS (FIRST_NAME, LAST_NAME, PASSWORD, MEM_TYPE_ID , LOC_ID) VALUES (''Roman'', ''Spencer'', ''Roman123'',3,3)';
    EXECUTE IMMEDIATE 'INSERT INTO MEMBERS (FIRST_NAME, LAST_NAME, PASSWORD, MEM_TYPE_ID , LOC_ID) VALUES (''Brianna'', ''Jones'', ''Brianna123'',1,8)';
    EXECUTE IMMEDIATE 'INSERT INTO MEMBERS (FIRST_NAME, LAST_NAME, PASSWORD, MEM_TYPE_ID , LOC_ID) VALUES (''Ada'', ''Nelson'', ''Ada123'',3,7)';
    EXECUTE IMMEDIATE 'INSERT INTO MEMBERS (FIRST_NAME, LAST_NAME, PASSWORD, MEM_TYPE_ID , LOC_ID) VALUES (''Connie'', ''Harper'', ''Connie123'',2,10)';
    EXECUTE IMMEDIATE 'INSERT INTO MEMBERS (FIRST_NAME, LAST_NAME, PASSWORD, MEM_TYPE_ID , LOC_ID) VALUES (''Alina'', ''Jones'', ''Alina123'',1,2)';
    EXECUTE IMMEDIATE 'INSERT INTO MEMBERS (FIRST_NAME, LAST_NAME, PASSWORD, MEM_TYPE_ID , LOC_ID) VALUES (''Brianna'', ''Roberts'', ''Brianna123'',2,6)';
    EXECUTE IMMEDIATE 'INSERT INTO MEMBERS (FIRST_NAME, LAST_NAME, PASSWORD, MEM_TYPE_ID , LOC_ID) VALUES (''Dale'', ''Brooks'', ''Dale123'',2,2)';
    EXECUTE IMMEDIATE 'INSERT INTO MEMBERS (FIRST_NAME, LAST_NAME, PASSWORD, MEM_TYPE_ID , LOC_ID) VALUES (''Elian'', ''Miller'', ''Elian123'',3,4)';
    EXECUTE IMMEDIATE 'INSERT INTO MEMBERS (FIRST_NAME, LAST_NAME, PASSWORD, MEM_TYPE_ID , LOC_ID) VALUES (''Aston'', ''Campbell'', ''Aston123'',3,8)';
            
END IF;
SELECT COUNT(*) INTO ncount FROM user_tables WHERE table_name = 'PROFESSOR';

IF ( ncount > 0 ) 
THEN
        dbms_output.put_line('PROFESSOR TABLE ALREADY EXISTS');
ELSE
        EXECUTE IMMEDIATE 'CREATE TABLE PROFESSOR(
        MEMBER_ID NUMBER(10) REFERENCES MEMBERS (MEMBER_ID),
        PROF_BACKGROUND VARCHAR(400) NOT NULL,
        PROF_HIGHEST_QUAL VARCHAR(400) NOT NULL)';
        
        EXECUTE IMMEDIATE 'INSERT INTO PROFESSOR (MEMBER_ID , PROF_BACKGROUND, PROF_HIGHEST_QUAL) VALUES (5003,''Human-Computer Interaction, Ubiquitous Computing, Software Engineering'',''Master’s in Business Administration and Management, General'')';
        EXECUTE IMMEDIATE 'INSERT INTO PROFESSOR (MEMBER_ID , PROF_BACKGROUND, PROF_HIGHEST_QUAL) VALUES (5005,''Wireless Sensor Networks, Internet of Things, Embedded Systems, Quality-of-Service for Multimedia Networking, Computer Networks Management and Design.'',''Master’s in Engineering'')';
        EXECUTE IMMEDIATE 'INSERT INTO PROFESSOR (MEMBER_ID , PROF_BACKGROUND, PROF_HIGHEST_QUAL) VALUES (5010,''Power system monitoring, estimation and optimization, fault location and identification in power grids'',''Master’s in Social Work'')';
        EXECUTE IMMEDIATE 'INSERT INTO PROFESSOR (MEMBER_ID , PROF_BACKGROUND, PROF_HIGHEST_QUAL) VALUES (5011,''Contact mechanics including adhesion, friction, and plasticity; modeling and analysis of MEMS; modeling and analysis in nanomechanics'',''Master’s in Education, General'')';
        EXECUTE IMMEDIATE 'INSERT INTO PROFESSOR (MEMBER_ID , PROF_BACKGROUND, PROF_HIGHEST_QUAL) VALUES (5015,''Area of Focus: Telecommunication Networks, Software Engineering Systems, Internet of Thing'',''Master’s in Accounting'')';
        EXECUTE IMMEDIATE 'INSERT INTO PROFESSOR (MEMBER_ID , PROF_BACKGROUND, PROF_HIGHEST_QUAL) VALUES (5017,''Applied operations research, healthcare, supply chain, large scale optimization, and big data analytics'',''Master’s in Educational Leadership and Administration, General'')';
        EXECUTE IMMEDIATE 'INSERT INTO PROFESSOR (MEMBER_ID , PROF_BACKGROUND, PROF_HIGHEST_QUAL) VALUES (5018,''Nonlinear dynamics, geophysical fluid dynamics, computational fluid mechanics, disaster response, experimental fluids'',''Master’s in Registered Nursing'')';
END IF;
SELECT COUNT(*) INTO ncount FROM user_tables WHERE table_name = 'ALUMNI';
IF ( ncount > 0 ) 
THEN
        dbms_output.put_line('ALUMNI TABLE ALREADY EXISTS');
ELSE
    EXECUTE IMMEDIATE 'CREATE TABLE ALUMNI(
    MEMBER_ID NUMBER(10) REFERENCES MEMBERS (MEMBER_ID) UNIQUE NOT NULL,
    ORGANIZATION VARCHAR(50) NOT NULL,
    POSITION VARCHAR(50) NOT NULL,
    EXPERIENCE NUMBER(10) NOT NULL,
    EMAIL VARCHAR(100) UNIQUE NOT NULL,
    ALUMNI_BACKGROUND VARCHAR(400) NOT NULL)';
        
    EXECUTE IMMEDIATE 'INSERT INTO ALUMNI (MEMBER_ID, ORGANIZATION ,POSITION , EXPERIENCE, EMAIL ,ALUMNI_BACKGROUND) VALUES (5002,''Fidelity Investments'', ''Data Scientist'',26, ''savana.cam@gmail.com'', ''Data/BI Engineer, ETL, Hadoop'')';
    EXECUTE IMMEDIATE 'INSERT INTO ALUMNI (MEMBER_ID, ORGANIZATION ,POSITION , EXPERIENCE, EMAIL ,ALUMNI_BACKGROUND) VALUES (5012,''BirchStreet Systems'', ''Application Support Engineer'',34, ''spence_roman@yahoomail.com'', ''Experience in data networks management. Skill- Firewall security, Azure'')';
    EXECUTE IMMEDIATE 'INSERT INTO ALUMNI (MEMBER_ID, ORGANIZATION ,POSITION , EXPERIENCE, EMAIL ,ALUMNI_BACKGROUND) VALUES (5006,''FireEye Inc'', ''Senior Security Engineer'',15, ''Jenna.dixon@gmail.com'', ''Developed POS and smart card based applications. Skills- OCI, AWS'')';
    EXECUTE IMMEDIATE 'INSERT INTO ALUMNI (MEMBER_ID, ORGANIZATION ,POSITION , EXPERIENCE, EMAIL ,ALUMNI_BACKGROUND) VALUES (5014,''Amazon'', ''Software Engineer'',48, ''nel.ada@hotmail.com'', ''AWS, Python, Data Analyst'')';
    EXECUTE IMMEDIATE 'INSERT INTO ALUMNI (MEMBER_ID, ORGANIZATION ,POSITION , EXPERIENCE, EMAIL ,ALUMNI_BACKGROUND) VALUES (5019,''Johnson'', ''Area Business Incharge'',39, ''elian.miller@gmail.com'', ''FMCG, Distributed Team Management, Channel Sales'')';
    EXECUTE IMMEDIATE 'INSERT INTO ALUMNI (MEMBER_ID, ORGANIZATION ,POSITION , EXPERIENCE, EMAIL ,ALUMNI_BACKGROUND) VALUES (5020,''BMW'', ''Human Resource- Intern'',10, ''camp.aston92@gmail.com'', ''Skilled in Management, Leadership, Six Sigma'')';
COMMIT;
END IF;
END;
/